{"threshold": 0.213, "lgd": 0.6, "avg_loan": 14376.299623963028, "average_IntRate": 0.130929128970242}